{
    "FINAL PLANETARY PARAMETERS": {
        "Mid-Transit Time (Tmid)": "2458579.924 +/- 0.0011 BJD_TDB",
        "Ratio of Planet to Stellar Radius (Rp/R*)": "0.196 +/- 0.057",
        "Transit depth (Rp/Rs)^2": "3.83 +/- 2.23 [%]",
        "Semi Major Axis/Star Radius (a/Rs)": "5.27 +/- 4.8 ",
        "Airmass coefficient 1 (a1)": "0.71 +/- 0.13",
        "Airmass coefficient 2 (a2)": "0.32 +/- 0.18",
        "Scatter in the residuals of the lightcurve fit is": "19.35 %",
        "Best Comparison Star": "#2 - [390, 87]",
        "Optimal Aperture": "3.01",
        "Optimal Annulus": "5.31",
        "Transit Duration (day)": "0.053 +/- 0.057"
    }
}