# filename,time,alignment_error,fits_error,lowflux_comp1,lowflux_comp2,lowflux_target,outofframe_comp1,outofframe_comp2,outofframe_target,skybg_comp1,skybg_comp2,skybg_target
"/content/drive/My Drive/EXOTIC/8424/MOBS_Cecilia_TRES-3_2019-04-06T01_24_41.794-0700_b653d14e8cffd7469a87c8cca31001c7_TRES-3190406082441.FITS",2458579.8525340455,False,False,False,False,False,False,False,False,False,False,False
"/content/drive/My Drive/EXOTIC/8424/MOBS_Cecilia_TRES-3_2019-04-06T01_24_41.794-0700_b653d14e8cffd7469a87c8cca31001c7_TRES-3190406082712.FITS",2458579.854281442,False,False,False,False,False,False,False,False,False,False,False
"/content/drive/My Drive/EXOTIC/8424/MOBS_Cecilia_TRES-3_2019-04-06T01_24_41.794-0700_b653d14e8cffd7469a87c8cca31001c7_TRES-3190406083012.FITS",2458579.8563629393,False,False,False,False,False,False,False,False,False,False,False
"/content/drive/My Drive/EXOTIC/8424/MOBS_Cecilia_TRES-3_2019-04-06T01_24_41.794-0700_b653d14e8cffd7469a87c8cca31001c7_TRES-3190406083312.FITS",2458579.8584439275,False,False,False,False,False,False,False,False,False,False,False
"/content/drive/My Drive/EXOTIC/8424/MOBS_Cecilia_TRES-3_2019-04-06T01_24_41.794-0700_b653d14e8cffd7469a87c8cca31001c7_TRES-3190406083612.FITS",2458579.8605236886,False,False,False,False,False,False,False,False,False,False,False
"/content/drive/My Drive/EXOTIC/8424/MOBS_Cecilia_TRES-3_2019-04-06T01_24_41.794-0700_b653d14e8cffd7469a87c8cca31001c7_TRES-3190406083912.FITS",2458579.8626157306,False,False,False,False,False,False,False,False,False,False,False
"/content/drive/My Drive/EXOTIC/8424/MOBS_Cecilia_TRES-3_2019-04-06T01_24_41.794-0700_b653d14e8cffd7469a87c8cca31001c7_TRES-3190406084212.FITS",2458579.8646959895,False,False,False,False,False,False,False,False,False,False,False
"/content/drive/My Drive/EXOTIC/8424/MOBS_Cecilia_TRES-3_2019-04-06T01_24_41.794-0700_b653d14e8cffd7469a87c8cca31001c7_TRES-3190406084512.FITS",2458579.866776503,False,False,False,False,False,False,False,False,False,False,False
"/content/drive/My Drive/EXOTIC/8424/MOBS_Cecilia_TRES-3_2019-04-06T01_24_41.794-0700_b653d14e8cffd7469a87c8cca31001c7_TRES-3190406084812.FITS",2458579.8688573753,False,False,False,False,False,False,False,False,False,False,False
"/content/drive/My Drive/EXOTIC/8424/MOBS_Cecilia_TRES-3_2019-04-06T01_24_41.794-0700_b653d14e8cffd7469a87c8cca31001c7_TRES-3190406085112.FITS",2458579.8709485377,False,False,False,False,False,False,False,False,False,False,False
"/content/drive/My Drive/EXOTIC/8424/MOBS_Cecilia_TRES-3_2019-04-06T01_24_41.794-0700_b653d14e8cffd7469a87c8cca31001c7_TRES-3190406085412.FITS",2458579.873029364,False,False,False,False,False,False,False,False,False,False,False
"/content/drive/My Drive/EXOTIC/8424/MOBS_Cecilia_TRES-3_2019-04-06T01_24_41.794-0700_b653d14e8cffd7469a87c8cca31001c7_TRES-3190406085712.FITS",2458579.875109044,False,False,False,False,False,False,False,False,False,False,False
"/content/drive/My Drive/EXOTIC/8424/MOBS_Cecilia_TRES-3_2019-04-06T01_24_41.794-0700_b653d14e8cffd7469a87c8cca31001c7_TRES-3190406090012.FITS",2458579.877192879,False,False,False,False,False,False,False,False,False,False,False
"/content/drive/My Drive/EXOTIC/8424/MOBS_Cecilia_TRES-3_2019-04-06T01_24_41.794-0700_b653d14e8cffd7469a87c8cca31001c7_TRES-3190406090312.FITS",2458579.8792745383,False,False,False,False,False,False,False,False,False,False,False
"/content/drive/My Drive/EXOTIC/8424/MOBS_Cecilia_TRES-3_2019-04-06T01_24_41.794-0700_b653d14e8cffd7469a87c8cca31001c7_TRES-3190406090612.FITS",2458579.881366881,False,False,False,False,False,False,False,False,False,False,False
"/content/drive/My Drive/EXOTIC/8424/MOBS_Cecilia_TRES-3_2019-04-06T01_24_41.794-0700_b653d14e8cffd7469a87c8cca31001c7_TRES-3190406090912.FITS",2458579.8834475568,False,False,False,False,False,False,False,False,False,False,False
"/content/drive/My Drive/EXOTIC/8424/MOBS_Cecilia_TRES-3_2019-04-06T01_24_41.794-0700_b653d14e8cffd7469a87c8cca31001c7_TRES-3190406091212.FITS",2458579.885528001,False,False,False,False,False,False,False,False,False,False,False
"/content/drive/My Drive/EXOTIC/8424/MOBS_Cecilia_TRES-3_2019-04-06T01_24_41.794-0700_b653d14e8cffd7469a87c8cca31001c7_TRES-3190406091512.FITS",2458579.887608942,False,False,False,False,False,False,False,False,False,False,False
"/content/drive/My Drive/EXOTIC/8424/MOBS_Cecilia_TRES-3_2019-04-06T01_24_41.794-0700_b653d14e8cffd7469a87c8cca31001c7_TRES-3190406091812.FITS",2458579.8897010186,False,False,False,False,False,False,False,False,False,False,False
"/content/drive/My Drive/EXOTIC/8424/MOBS_Cecilia_TRES-3_2019-04-06T01_24_41.794-0700_b653d14e8cffd7469a87c8cca31001c7_TRES-3190406092112.FITS",2458579.8917808607,False,False,False,False,False,False,False,False,False,False,False
"/content/drive/My Drive/EXOTIC/8424/MOBS_Cecilia_TRES-3_2019-04-06T01_24_41.794-0700_b653d14e8cffd7469a87c8cca31001c7_TRES-3190406092412.FITS",2458579.893860668,False,False,False,False,False,False,False,False,False,False,False
"/content/drive/My Drive/EXOTIC/8424/MOBS_Cecilia_TRES-3_2019-04-06T01_24_41.794-0700_b653d14e8cffd7469a87c8cca31001c7_TRES-3190406092712.FITS",2458579.8959523854,False,False,False,False,False,False,False,False,False,False,False
"/content/drive/My Drive/EXOTIC/8424/MOBS_Cecilia_TRES-3_2019-04-06T01_24_41.794-0700_b653d14e8cffd7469a87c8cca31001c7_TRES-3190406093012.FITS",2458579.8980338476,False,False,False,False,False,False,False,False,False,False,False
"/content/drive/My Drive/EXOTIC/8424/MOBS_Cecilia_TRES-3_2019-04-06T01_24_41.794-0700_b653d14e8cffd7469a87c8cca31001c7_TRES-3190406093312.FITS",2458579.90011428,False,False,False,False,False,False,False,False,False,False,False
"/content/drive/My Drive/EXOTIC/8424/MOBS_Cecilia_TRES-3_2019-04-06T01_24_41.794-0700_b653d14e8cffd7469a87c8cca31001c7_TRES-3190406093612.FITS",2458579.9021944115,False,False,False,False,False,False,False,False,False,False,False
"/content/drive/My Drive/EXOTIC/8424/MOBS_Cecilia_TRES-3_2019-04-06T01_24_41.794-0700_b653d14e8cffd7469a87c8cca31001c7_TRES-3190406093912.FITS",2458579.9042860474,False,False,False,False,False,False,False,False,False,False,False
"/content/drive/My Drive/EXOTIC/8424/MOBS_Cecilia_TRES-3_2019-04-06T01_24_41.794-0700_b653d14e8cffd7469a87c8cca31001c7_TRES-3190406094212.FITS",2458579.9063662486,False,False,False,False,False,False,False,False,False,False,False
"/content/drive/My Drive/EXOTIC/8424/MOBS_Cecilia_TRES-3_2019-04-06T01_24_41.794-0700_b653d14e8cffd7469a87c8cca31001c7_TRES-3190406094512.FITS",2458579.908447167,False,False,False,False,False,False,False,False,False,False,False
"/content/drive/My Drive/EXOTIC/8424/MOBS_Cecilia_TRES-3_2019-04-06T01_24_41.794-0700_b653d14e8cffd7469a87c8cca31001c7_TRES-3190406094812.FITS",2458579.9105270314,False,False,False,False,False,False,False,False,False,False,False
"/content/drive/My Drive/EXOTIC/8424/MOBS_Cecilia_TRES-3_2019-04-06T01_24_41.794-0700_b653d14e8cffd7469a87c8cca31001c7_TRES-3190406095112.FITS",2458579.912618795,False,False,False,False,False,False,False,False,False,False,False
"/content/drive/My Drive/EXOTIC/8424/MOBS_Cecilia_TRES-3_2019-04-06T01_24_41.794-0700_b653d14e8cffd7469a87c8cca31001c7_TRES-3190406095412.FITS",2458579.914698857,True,False,False,False,False,False,False,False,False,False,False
"/content/drive/My Drive/EXOTIC/8424/MOBS_Cecilia_TRES-3_2019-04-06T01_24_41.794-0700_b653d14e8cffd7469a87c8cca31001c7_TRES-3190406095712.FITS",2458579.916778062,True,False,False,False,False,False,False,False,False,False,False
"/content/drive/My Drive/EXOTIC/8424/MOBS_Cecilia_TRES-3_2019-04-06T01_24_41.794-0700_b653d14e8cffd7469a87c8cca31001c7_TRES-3190406100012.FITS",2458579.9188696058,False,False,False,False,False,False,False,False,False,False,False
"/content/drive/My Drive/EXOTIC/8424/MOBS_Cecilia_TRES-3_2019-04-06T01_24_41.794-0700_b653d14e8cffd7469a87c8cca31001c7_TRES-3190406100312.FITS",2458579.9209505934,True,False,False,False,False,False,False,False,False,False,False
"/content/drive/My Drive/EXOTIC/8424/MOBS_Cecilia_TRES-3_2019-04-06T01_24_41.794-0700_b653d14e8cffd7469a87c8cca31001c7_TRES-3190406100612.FITS",2458579.9230314074,True,False,False,False,False,False,False,False,False,False,False
"/content/drive/My Drive/EXOTIC/8424/MOBS_Cecilia_TRES-3_2019-04-06T01_24_41.794-0700_b653d14e8cffd7469a87c8cca31001c7_TRES-3190406100912.FITS",2458579.9251131704,True,False,False,False,False,False,False,False,False,False,False
"/content/drive/My Drive/EXOTIC/8424/MOBS_Cecilia_TRES-3_2019-04-06T01_24_41.794-0700_b653d14e8cffd7469a87c8cca31001c7_TRES-3190406101226.FITS",2458579.9273554618,True,False,False,False,False,False,False,False,False,False,False
"/content/drive/My Drive/EXOTIC/8424/MOBS_Cecilia_TRES-3_2019-04-06T01_24_41.794-0700_b653d14e8cffd7469a87c8cca31001c7_TRES-3190406101512.FITS",2458579.9292852385,True,False,False,False,False,False,False,False,False,False,False
"/content/drive/My Drive/EXOTIC/8424/MOBS_Cecilia_TRES-3_2019-04-06T01_24_41.794-0700_b653d14e8cffd7469a87c8cca31001c7_TRES-3190406101812.FITS",2458579.9313660287,False,False,False,False,False,True,True,True,False,False,False
"/content/drive/My Drive/EXOTIC/8424/MOBS_Cecilia_TRES-3_2019-04-06T01_24_41.794-0700_b653d14e8cffd7469a87c8cca31001c7_TRES-3190406102112.FITS",2458579.933445616,False,False,False,False,False,False,False,False,False,False,False
"/content/drive/My Drive/EXOTIC/8424/MOBS_Cecilia_TRES-3_2019-04-06T01_24_41.794-0700_b653d14e8cffd7469a87c8cca31001c7_TRES-3190406102412.FITS",2458579.9355360945,False,False,False,False,False,False,False,False,False,False,False
"/content/drive/My Drive/EXOTIC/8424/MOBS_Cecilia_TRES-3_2019-04-06T01_24_41.794-0700_b653d14e8cffd7469a87c8cca31001c7_TRES-3190406102712.FITS",2458579.9376156237,False,False,False,False,False,False,False,False,False,False,False
"/content/drive/My Drive/EXOTIC/8424/MOBS_Cecilia_TRES-3_2019-04-06T01_24_41.794-0700_b653d14e8cffd7469a87c8cca31001c7_TRES-3190406103012.FITS",2458579.9396956963,False,False,False,False,False,False,False,False,False,False,False
"/content/drive/My Drive/EXOTIC/8424/MOBS_Cecilia_TRES-3_2019-04-06T01_24_41.794-0700_b653d14e8cffd7469a87c8cca31001c7_TRES-3190406103312.FITS",2458579.94178724,False,False,False,False,False,False,False,False,False,False,False
"/content/drive/My Drive/EXOTIC/8424/MOBS_Cecilia_TRES-3_2019-04-06T01_24_41.794-0700_b653d14e8cffd7469a87c8cca31001c7_TRES-3190406103612.FITS",2458579.943867012,False,False,False,False,False,False,False,False,False,False,False
"/content/drive/My Drive/EXOTIC/8424/MOBS_Cecilia_TRES-3_2019-04-06T01_24_41.794-0700_b653d14e8cffd7469a87c8cca31001c7_TRES-3190406103912.FITS",2458579.9459459735,False,False,False,False,False,False,False,False,False,False,False
"/content/drive/My Drive/EXOTIC/8424/MOBS_Cecilia_TRES-3_2019-04-06T01_24_41.794-0700_b653d14e8cffd7469a87c8cca31001c7_TRES-3190406104212.FITS",2458579.9480363475,False,False,False,False,False,False,False,False,False,False,False
"/content/drive/My Drive/EXOTIC/8424/MOBS_Cecilia_TRES-3_2019-04-06T01_24_41.794-0700_b653d14e8cffd7469a87c8cca31001c7_TRES-3190406104512.FITS",2458579.9501154483,True,False,False,False,False,False,False,False,False,False,False
"/content/drive/My Drive/EXOTIC/8424/MOBS_Cecilia_TRES-3_2019-04-06T01_24_41.794-0700_b653d14e8cffd7469a87c8cca31001c7_TRES-3190406104812.FITS",2458579.9521942595,False,False,False,False,False,False,False,False,False,False,False
"/content/drive/My Drive/EXOTIC/8424/MOBS_Cecilia_TRES-3_2019-04-06T01_24_41.794-0700_b653d14e8cffd7469a87c8cca31001c7_TRES-3190406105112.FITS",2458579.95428468,False,False,False,False,False,False,False,False,False,False,False
"/content/drive/My Drive/EXOTIC/8424/MOBS_Cecilia_TRES-3_2019-04-06T01_24_41.794-0700_b653d14e8cffd7469a87c8cca31001c7_TRES-3190406105412.FITS",2458579.956363248,False,False,False,False,False,False,False,False,False,False,False
"/content/drive/My Drive/EXOTIC/8424/MOBS_Cecilia_TRES-3_2019-04-06T01_24_41.794-0700_b653d14e8cffd7469a87c8cca31001c7_TRES-3190406105712.FITS",2458579.9584543747,True,False,False,False,False,False,False,False,False,False,False
"/content/drive/My Drive/EXOTIC/8424/MOBS_Cecilia_TRES-3_2019-04-06T01_24_41.794-0700_b653d14e8cffd7469a87c8cca31001c7_TRES-3190406110012.FITS",2458579.960532329,True,False,False,False,False,False,False,False,False,False,False
"/content/drive/My Drive/EXOTIC/8424/MOBS_Cecilia_TRES-3_2019-04-06T01_24_41.794-0700_b653d14e8cffd7469a87c8cca31001c7_TRES-3190406110312.FITS",2458579.9626113256,True,False,False,False,False,False,False,False,False,False,False
"/content/drive/My Drive/EXOTIC/8424/MOBS_Cecilia_TRES-3_2019-04-06T01_24_41.794-0700_b653d14e8cffd7469a87c8cca31001c7_TRES-3190406110612.FITS",2458579.964702394,True,False,False,False,False,False,False,False,False,False,False
"/content/drive/My Drive/EXOTIC/8424/MOBS_Cecilia_TRES-3_2019-04-06T01_24_41.794-0700_b653d14e8cffd7469a87c8cca31001c7_TRES-3190406110912.FITS",2458579.966781367,True,False,False,False,False,False,False,False,False,False,False
"/content/drive/My Drive/EXOTIC/8424/MOBS_Cecilia_TRES-3_2019-04-06T01_24_41.794-0700_b653d14e8cffd7469a87c8cca31001c7_TRES-3190406111212.FITS",2458579.9688614053,True,False,False,False,False,False,False,False,False,False,False
"/content/drive/My Drive/EXOTIC/8424/MOBS_Cecilia_TRES-3_2019-04-06T01_24_41.794-0700_b653d14e8cffd7469a87c8cca31001c7_TRES-3190406111512.FITS",2458579.9709518948,True,False,False,False,False,False,False,False,False,False,False
"/content/drive/My Drive/EXOTIC/8424/MOBS_Cecilia_TRES-3_2019-04-06T01_24_41.794-0700_b653d14e8cffd7469a87c8cca31001c7_TRES-3190406111812.FITS",2458579.9730343283,True,False,False,False,False,False,False,False,False,False,False
"/content/drive/My Drive/EXOTIC/8424/MOBS_Cecilia_TRES-3_2019-04-06T01_24_41.794-0700_b653d14e8cffd7469a87c8cca31001c7_TRES-3190406112112.FITS",2458579.975114505,True,False,False,False,False,False,False,False,False,False,False
"/content/drive/My Drive/EXOTIC/8424/MOBS_Cecilia_TRES-3_2019-04-06T01_24_41.794-0700_b653d14e8cffd7469a87c8cca31001c7_TRES-3190406112412.FITS",2458579.977205921,False,False,False,False,False,False,False,False,False,False,False
"/content/drive/My Drive/EXOTIC/8424/MOBS_Cecilia_TRES-3_2019-04-06T01_24_41.794-0700_b653d14e8cffd7469a87c8cca31001c7_TRES-3190406112712.FITS",2458579.979285009,False,False,False,False,False,False,False,False,False,False,False
"/content/drive/My Drive/EXOTIC/8424/MOBS_Cecilia_TRES-3_2019-04-06T01_24_41.794-0700_b653d14e8cffd7469a87c8cca31001c7_TRES-3190406113012.FITS",2458579.981364584,False,False,False,False,False,False,False,False,False,False,False
"/content/drive/My Drive/EXOTIC/8424/MOBS_Cecilia_TRES-3_2019-04-06T01_24_41.794-0700_b653d14e8cffd7469a87c8cca31001c7_TRES-3190406113312.FITS",2458579.983455421,False,False,False,False,False,False,False,False,False,False,False
"/content/drive/My Drive/EXOTIC/8424/MOBS_Cecilia_TRES-3_2019-04-06T01_24_41.794-0700_b653d14e8cffd7469a87c8cca31001c7_TRES-3190406113612.FITS",2458579.9855357944,False,False,False,False,False,False,False,False,False,False,False
"/content/drive/My Drive/EXOTIC/8424/MOBS_Cecilia_TRES-3_2019-04-06T01_24_41.794-0700_b653d14e8cffd7469a87c8cca31001c7_TRES-3190406113912.FITS",2458579.9876148133,False,False,False,False,False,False,False,False,False,False,False
"/content/drive/My Drive/EXOTIC/8424/MOBS_Cecilia_TRES-3_2019-04-06T01_24_41.794-0700_b653d14e8cffd7469a87c8cca31001c7_TRES-3190406114212.FITS",2458579.9897050136,False,False,False,False,False,False,False,False,False,False,False
"/content/drive/My Drive/EXOTIC/8424/MOBS_Cecilia_TRES-3_2019-04-06T01_24_41.794-0700_b653d14e8cffd7469a87c8cca31001c7_TRES-3190406114512.FITS",2458579.9917842294,False,False,False,False,False,False,False,False,False,False,False
